Modèles	Étiquettes	Précision	Rappel	F-mesure	Nombre d'occurences
MNB__len=3_sup=0.5	0	0.9377628259041211	0.16010913268236646	0.27351895007972526	13928
MNB__len=3_sup=0.5	1	0.059495095674545743	0.8333333333333334	0.11106108359597779	888
MNB__len=3_sup=0.5	macro_moyenne	0.4986289607893334	0.4967212330078499	0.19229001683785152	_
MNB__len=6_sup=0.5	0	0.9445020746887967	0.1307438253877082	0.22969223007063572	13928
MNB__len=6_sup=0.5	1	0.060599006828057106	0.8795045045045045	0.11338559814169571	888
MNB__len=6_sup=0.5	macro_moyenne	0.5025505407584269	0.5051241649461063	0.17153891410616573	_
MNB__len=5_sup=0.5	0	0.9961464354527938	0.03711947156806433	0.07157195265453037	13928
MNB__len=5_sup=0.5	1	0.06197104287612786	0.9977477477477478	0.11669410602568324	888
MNB__len=5_sup=0.5	macro_moyenne	0.5290587391644608	0.5174336096579061	0.09413302934010681	_
MNB__len=9_sup=0.5	0	0.9831516352824579	0.07122343480758185	0.13282452969137043	13928
MNB__len=9_sup=0.5	1	0.06308394292750054	0.9808558558558559	0.11854372235454234	888
MNB__len=9_sup=0.5	macro_moyenne	0.5231177891049792	0.5260396453317189	0.1256841260229564	_
MNB__len=10_sup=0.5	0	0.9744027303754266	0.040996553704767374	0.07868265123329199	13928
MNB__len=10_sup=0.5	1	0.06134926212227688	0.9831081081081081	0.11549146712528112	888
MNB__len=10_sup=0.5	macro_moyenne	0.5178759962488517	0.5120523309064378	0.09708705917928656	_
MNB__len=7_sup=0.5	0	0.9460834181078331	0.06677197013210798	0.12474012474012473	13928
MNB__len=7_sup=0.5	1	0.06036290031085086	0.9403153153153153	0.1134433802051491	888
MNB__len=7_sup=0.5	macro_moyenne	0.503223159209342	0.5035436427237117	0.11909175247263692	_
MNB__len=2_sup=0.5	0	0.9539736713798147	0.7023980470993682	0.809080759211016	13928
MNB__len=2_sup=0.5	1	0.09120806840605131	0.46846846846846846	0.15268856670948797	888
MNB__len=2_sup=0.5	macro_moyenne	0.522590869892933	0.5854332577839183	0.48088466296025195	_
MNB__len=8_sup=0.5	0	0.9980806142034548	0.18667432510051696	0.314522470211093	13928
MNB__len=8_sup=0.5	1	0.07231184997133731	0.9943693693693694	0.1348194518665547	888
MNB__len=8_sup=0.5	macro_moyenne	0.5351962320873961	0.5905218472349432	0.22467096103882384	_
MNB__len=4_sup=0.5	0	0.9920049200492005	0.11580987937966686	0.20740645493120738	13928
MNB__len=4_sup=0.5	1	0.06633813495072025	0.9853603603603603	0.12430743003267511	888
MNB__len=4_sup=0.5	macro_moyenne	0.5291715274999603	0.5505851198700136	0.16585694248194124	_
