Modèles	Étiquettes	Précision	Rappel	F-mesure	Nombre d'occurences
DT10__len=9_sup=0.5	0	0.9400243144671079	0.9992820218265365	0.9687478248764531	13928
DT10__len=9_sup=0.5	1	0.0	0.0	0.0	888
DT10__len=9_sup=0.5	macro_moyenne	0.47001215723355394	0.49964101091326824	0.48437391243822653	_
DT10__len=5_sup=0.5	0	0.940047313281514	0.9985640436530729	0.9684225185391497	13928
DT10__len=5_sup=0.5	1	0.047619047619047616	0.0011261261261261261	0.0022002200220022	888
DT10__len=5_sup=0.5	macro_moyenne	0.4938331804502808	0.49984508488959956	0.48531136928057594	_
DT10__len=6_sup=0.5	0	0.9400364643122425	0.9994974152785755	0.968855482479034	13928
DT10__len=6_sup=0.5	1	0.0	0.0	0.0	888
DT10__len=6_sup=0.5	macro_moyenne	0.47001823215612126	0.49974870763928775	0.484427741239517	_
DT10__len=3_sup=0.5	0	0.9398129320862139	0.9955485353245261	0.9668781814378355	13928
DT10__len=3_sup=0.5	1	0.0	0.0	0.0	888
DT10__len=3_sup=0.5	macro_moyenne	0.46990646604310693	0.49777426766226307	0.4834390907189178	_
DT10__len=4_sup=0.5	0	0.9405390762562644	0.9971280873061459	0.9680072489022096	13928
DT10__len=4_sup=0.5	1	0.2	0.01126126126126126	0.021321961620469083	888
DT10__len=4_sup=0.5	macro_moyenne	0.5702695381281322	0.5041946742837036	0.4946646052613393	_
DT10__len=8_sup=0.5	0	0.9398781313473257	0.9966973004020678	0.9674541779914977	13928
DT10__len=8_sup=0.5	1	0.0	0.0	0.0	888
DT10__len=8_sup=0.5	macro_moyenne	0.46993906567366284	0.4983486502010339	0.48372708899574884	_
DT10__len=2_sup=0.5	0	0.9423824673029338	0.9570649052268811	0.9496669397641863	13928
DT10__len=2_sup=0.5	1	0.10879284649776454	0.08220720720720721	0.09364977549711354	888
DT10__len=2_sup=0.5	macro_moyenne	0.5255876569003491	0.5196360562170442	0.5216583576306499	_
DT10__len=10_sup=0.5	0	0.9400445614745797	0.9996410109132683	0.9689272417272696	13928
DT10__len=10_sup=0.5	1	0.0	0.0	0.0	888
DT10__len=10_sup=0.5	macro_moyenne	0.47002228073728985	0.49982050545663415	0.4844636208636348	_
DT10__len=7_sup=0.5	0	0.9398455493835524	0.996122917863297	0.9671662600209133	13928
DT10__len=7_sup=0.5	1	0.0	0.0	0.0	888
DT10__len=7_sup=0.5	macro_moyenne	0.4699227746917762	0.4980614589316485	0.48358313001045666	_
